formula,phase,
AgAlCoCrCuNi,3,
AgCoCrFeMnNi,1,
Al0.02CoCrFeMnNi,1,
Al0.03CoCrFeMnNi,1,
Al0.04CoCrFeMnNi,1,
Al0.08CoCrFeMnNi,1,
Al0.09CoCrFeMnNi,2,
Al0.10CoCrFeMnNi,2,
Al0.11CoCrFeMnNi,2,
Al0.125CoCrCuFeMnNiTiV,1,
Al0.125CoCrCuFeNiTiMnV,1,
Al0.12CoCrFeMnNi,2,
Al0.14CoCrFeMnNi,2,
Al0.15CoCrFeMnNi,2,
Al0.15CrFe1.5Ni0.5,1,
Al0.16CoCrFeMnNi,2,
Al0.18CoCrFeMnNi,2,
Al0.19CoCrFeMnNi,2,
Al0.1CoCrFeMnNi,1,
Al0.1CoCrFeNi,1,
Al0.1CoFeNiSi0.1,1,
Al0.1CrFe2Mn1.25Ni0.75,3,
Al0.24NbTiVZr,3,
Al0.25CoCrCu0.75FeNi,1,
Al0.25CoCrCu0.75FeNiTi0.5,1,
Al0.25CoCrCuFeMnNiTiV,1,
Al0.25CoCrCuFeNiTiMnV,1,
Al0.25CoCrFeMnNi,2,
Al0.25CoCrFeNi,1,
Al0.25CoFeMn0.25Ni,1,
Al0.25CoFeNi,1,
Al0.25MoNbTiV,1,
Al0.25NbTaTiV,1,
Al0.2Co1.5CrFeNi1.5Ti,3,
Al0.2Co1.5CrFeNi1.5Ti0.3,2,
Al0.2Co1.5CrFeNi1.5Ti0.5,1,
Al0.2CoCrCu0.2FeNi2,3,
Al0.2CoCrFeMnNi,1,
Al0.2CoCu0.2FeNi,1,
Al0.2CoFeNiSi0.2,1,
Al0.2CrCuFeNi,1,
Al0.2CrCuFeNi2,1,
Al0.2CrFe1.5Ni0.5,1,
Al0.2CrFeCoNi2Cu0.2,2,
Al0.2MoTaTiV,1,
Al0.32CrFe2Mn1.25Ni0.75,3,
Al0.348CoCrFeNi,3,
Al0.375CoCrFeNi,1,
Al0.38CoCrFeMnNi,1,
Al0.3CoCr2FeNi,3,
Al0.3CoCrCu0.5FeNi,3,
Al0.3CoCrCuFeNi,1,
Al0.3CoCrFeMo0.1Ni,1,
Al0.3CoCrFeNi,3,
Al0.3CoCrFeNiTi0.1,1,
Al0.3CoCrFeNiTi0.2,3,
Al0.3CoCu0.7FeNi,1,
Al0.3CoFeNiSi0.3,1,
Al0.3CrCuFeMnNi,1,
Al0.3CrCuFeNi2,1,
Al0.3CrCuFeNi3,1,
Al0.3CrCuFeNi4,3,
Al0.3CrCuFeNi5,3,
Al0.3CrCuFeNi6,3,
Al0.3CrCuFeNi7,3,
Al0.3CrFe1.5MnNi,1,
Al0.3CrFe1.5MnNi0.10,3,
Al0.3CrFe1.5MnNi0.5,1,
Al0.3CrFe1.5MnNi0.5Si0.2,2,
Al0.3CrFe1.5MnNi0.5Ti0.2,1,
Al0.3CrFe1.5MnNi0.6,3,
Al0.3CrFe1.5MnNi0.7,3,
Al0.3CrFe1.5MnNi0.8,3,
Al0.3CrFe1.5MnNi0.9,1,
Al0.3CrFe1.5Ni0.5,2,
Al0.3CuCrFeNi2,1,
Al0.3HfNbTaTiZr,1,
Al0.3NbTa0.8Ti1.4V0.2Zr1.3,1,
Al0.3NbTaTi1.4Zr1.3,1,
Al0.41CoCrFeNi,1,
Al0.43CoCr0.29NiSi0.14,3,
Al0.43CoCrFeMnNi,1,
Al0.44CoCrFeNi,3,
Al0.4CoCrFeMnNiV,2,
Al0.4CoCrFeNi,1,
Al0.4CoCu0.4FeGa0.02Ni,1,
Al0.4CoCu0.4FeGa0.04Ni,1,
Al0.4CoCu0.4FeGa0.06Ni,1,
Al0.4CoCu0.4FeGa0.08Ni,1,
Al0.4CoCu0.4FeNi,1,
Al0.4CoFeNiSi0.4,1,
Al0.4CrCuFeNi,1,
Al0.4CrCuFeNi2,1,
Al0.4CrCuFeNi3,1,
Al0.4CrFe1.5Ni0.5,2,
Al0.4Hf0.6NbTaTiZr,1,
Al0.56CoCrFeMnNi,3,
Al0.56CrFe2Mn1.25Ni0.75,3,
Al0.57CoCrFeNi,3,
Al0.5B0.2CoCrCuFeNi,3,
Al0.5BCoCrCuFeNi,2,
Al0.5CoCr3Cu0.5FeNi,1,
Al0.5CoCrCu0.5Fe2Ni,1,
Al0.5CoCrCu0.5Fe3.5Ni,1,
Al0.5CoCrCu0.5Fe3Ni,1,
Al0.5CoCrCu0.5FeNi,1,
Al0.5CoCrCu0.5FeNi2,3,
Al0.5CoCrCu0.5FeNiTi0.5,1,
Al0.5CoCrCuFeNi,1,
Al0.5CoCrCuFeNiSi,3,
Al0.5CoCrCuFeNiSi0.8,3,
Al0.5CoCrCuFeNiSi1.2,3,
Al0.5CoCrCuFeNiSi1.4,3,
Al0.5CoCrCuFeNiSi1.6,3,
Al0.5CoCrCuFeNiSi1.8,3,
Al0.5CoCrCuFeNiSi2,3,
Al0.5CoCrCuFeNiTi,3,
Al0.5CoCrCuFeNiTi0.2,1,
Al0.5CoCrCuFeNiTi0.4,1,
Al0.5CoCrCuFeNiTi0.6,1,
Al0.5CoCrCuFeNiTi0.8,3,
Al0.5CoCrCuFeNiTi1.2,3,
Al0.5CoCrCuFeNiTi1.4,3,
Al0.5CoCrCuFeNiTi1.6,3,
Al0.5CoCrCuFeNiTi1.8,3,
Al0.5CoCrCuFeNiTi2,3,
Al0.5CoCrCuFeNiTi2.0,2,
Al0.5CoCrCuFeNiV,3,
Al0.5CoCrCuFeNiV0.2,1,
Al0.5CoCrCuFeNiV0.4,1,
Al0.5CoCrCuFeNiV0.6,3,
Al0.5CoCrCuFeNiV0.8,3,
Al0.5CoCrCuFeNiV1.2,1,
Al0.5CoCrCuFeNiV1.4,1,
Al0.5CoCrCuFeNiV1.6,1,
Al0.5CoCrCuFeNiV1.8,1,
Al0.5CoCrCuFeNiV2,1,
Al0.5CoCrFeMnNi,3,
Al0.5CoCrFeNi,1,
Al0.5CoCrFeNiTi,3,
Al0.5CoCrFeNiTi0.5,1,
Al0.5CoFeNi,1,
Al0.5CoFeNiSi0.5,1,
Al0.5Cr0.9FeNi2.5V0.2,1,
Al0.5CrCuFeMnNi,1,
Al0.5CrCuFeNi,1,
Al0.5CrCuFeNi2,1,
Al0.5CrFe1.5MnNi0.10,3,
Al0.5CrFe1.5MnNi0.5,1,
Al0.5CrFe1.5MnNi0.6,3,
Al0.5CrFe1.5MnNi0.7,3,
Al0.5CrFe1.5MnNi0.8,3,
Al0.5CrFe1.5MnNi0.9,1,
Al0.5CrFeNiCo0.3C0.2,2,
Al0.5CrFeNiTiV,2,
Al0.5CrMoNbSi0.3TiV,3,
Al0.5CrMoNbTi,1,
Al0.5CrMoNbTiV,1,
Al0.5CrMoNbV,1,
Al0.5CrNbTi2V0.5,2,
Al0.5CrNbTi2V0.6,3,
Al0.5CuNiPdTiZr,3,
Al0.5HfNbTaTiZr,1,
Al0.5HfNbTiZr,1,
Al0.5MoNbTiV,1,
Al0.5NbTa0.8Ti1.5V0.2Zr,2,
Al0.5NbTaTiV,1,
Al0.5NbTiVZr,3,
Al0.62CoCrFeMnNi,3,
Al0.67CoCrCuFeMnNiTiV,2,
Al0.67CoCrCuFeNiTiMnV,1,
Al0.68CoCrFeMnNi,3,
Al0.6CoCrFeNi,3,
Al0.6CoCrFeNiTi,3,
Al0.6CoCrFeNiTi0.4,3,
Al0.6CoCu0.6FeNi,1,
Al0.6CoFeNiTi0.4,3,
Al0.6CrCuFeNi2,1,
Al0.6CrFeNi2.4,1,
Al0.6MoTaTiV,1,
Al0.74CoCrFeNi,3,
Al0.75CoCrCu0.25FeNi,1,
Al0.75CoCrCu0.25FeNiTi0.5,1,
Al0.75CoCrFeMnNi,3,
Al0.75CoCrFeNi,1,
Al0.75CoCrFeNiTi0.25,1,
Al0.75CoFeNi,3,
Al0.75CrFeNi,1,
Al0.75HfNbTaTiZr,1,
Al0.75HfNbTiZr,1,
Al0.75MoNbTiV,1,
Al0.7Co0.3CrFeNi,2,
Al0.7CoCr1.5Fe1.5Ni,3,
Al0.7CoCrFe2Ni,3,
Al0.7CoCrFeNi,3,
Al0.7CoCu0.7FeNi,1,
Al0.7CrCuFeNi,1,
Al0.7CrCuFeNi2,1,
Al0.7CrFeNi2.3,3,
Al0.81CoCrFeMnNi,3,
Al0.81CrFe2Mn1.25Ni0.75,3,
Al0.85CoCrFeNi,3,
Al0.875CoCrFeNi,1,
Al0.88CoCrFeMnNi,3,
Al0.8CoCrCuFeNi,1,
Al0.8CoCrFeNi,3,
Al0.8CoCrFeNiTi0.2,1,
Al0.8CoCrFeNiTi1.2,2,
Al0.8CoCrNiSi0.2,3,
Al0.8CoCu0.8FeNi,3,
Al0.8CoFeNiSi0.8,1,
Al0.8CrCu1.5FeMnNi,1,
Al0.8CrCuFeMn1.5Ni,1,
Al0.8CrCuFeMnNi,1,
Al0.8CrCuFeNi,1,
Al0.8CrCuFeNi2,1,
Al0.8CrCuFeNi3,1,
Al0.8CrFe1.5MnNi0.5,1,
Al0.8CrFe1.5MnNi0.6,1,
Al0.8CrFeNi2.2,3,
Al0.92CoCrFeNi,3,
Al0.95CoCrFeMnNi,3,
Al0.9CoCrFeNi,3,
Al0.9CoCu0.9FeNi,1,
Al0.9CrCuFeNi,2,
Al0.9CrCuFeNi2,3,
Al0.9CrFeNi,3,
Al0.9CrFeNi2.1,3,
Al1.12CoCrFeNi,3,
Al1.1CrFeNi,3,
Al1.25CoCrFeMnNi,3,
Al1.25CoCrFeNi,2,
Al1.25HfNbTiZr,1,
Al1.2CoCrFeNi,3,
Al1.2CoCrFeNiTi0.8,1,
Al1.2CoCu1.2FeNi,1,
Al1.2CrCuFeNi,2,
Al1.2CrCuFeNi2,1,
Al1.2CrCuFeNi3,1,
Al1.2CrFe1.5MnNi0.5,1,
Al1.2CrFe1.5MnNi0.6,3,
Al1.2CrFeNi,3,
Al1.33CoCrFeNi,3,
Al1.3CoCrCuFeNi,3,
Al1.3CrFeNi,3,
Al1.4Co0.9Cr1.4Cu0.5Fe0.9Ni,3,
Al1.5CoCrCu0.5FeNi,2,
Al1.5CoCrCuFeNi,3,
Al1.5CoCrFeNi,2,
Al1.5CoCrFeNiTi,3,
Al1.5CoCrFeNiTi0.5,2,
Al1.5CrCuFeNi,2,
Al1.5CrCuFeNi2,3,
Al1.5CrFeMnTi,3,
Al1.5HfNbTiZr,1,
Al1.5MoNbTiV,1,
Al1.5NbTiVZr,3,
Al1.71CoCrFeNi,3,
Al1.8CoCrCuFeNi,3,
Al1.8CoCrFeNi,3,
Al1.8CoCrFeNiTi0.2,2,
Al1.8CrCuFeNi,2,
Al1.8CrCuFeNi2,3,
Al10Co21Cr18Fe36Ni15,3,
Al10Co25Cr8Fe15Ni36Ti6,2,
Al10Co30Cr20Fe35Ni5,1,
Al10Cr18Fe36Mn21Ni15,3,
Al10Cr18Fe36Mn21Ni16,3,
Al10Cr18Fe36Mn21Ni17,3,
Al10Cr18Fe36Mn21Ni18,3,
Al12.5Ni21.88Co21.88Fe21.88Cr21.88,1,
Al12Co20Cr17Fe35Ni12Ti4,3,
Al12Cr17Fe35Mn20Ni12Ti4,3,
Al13.00Co20.94Cr20.94Fe20.94Ni20.94Ti3.00C0.25,1,
Al13.00Co21.00Cr21.00Fe21.00Ni21.00Ti3.00,1,
Al13.00Co21.69Cr21.69Fe21.69Ni21.69C0.25,1,
Al13.00Co21.74Cr21.74Fe21.74Ni21.74,1,
Al14.1Cr6Fe28.2Mn32.9Ni18.8,3,
Al15.63Ni21.09Co21.09Fe21.09Cr21.09,1,
Al15Co30Cr15Fe40Ni5,1,
Al16.00Co21.00Cr21.00Fe21.00Ni21.00,1,
Al16Co16Cr16Fe16Ni16Fe20,2,
Al16CuLiMgZn,2,
Al16LiMgSnZn,3,
Al17Co17Cr17Fe17Ni17Fe15,2,
Al18Cr28Nb18Ti18V18,2,
Al19Co19Cr19Fe19Ni19Fe5,2,
Al2.08CoCrFeNi,3,
Al2.0CrCuFeNi,2,
Al2.2CrCuFeNi,2,
Al2.2CrCuFeNi2,3,
Al2.3CoCrCuFeNi,3,
Al2.5CoCrCuFeNi,3,
Al2.5CoCrFeNi,2,
Al2.5CrCuFeNi,2,
Al2.5CrCuFeNi2,3,
Al2.8CoCrCuFeNi,2,
Al21.88Ni19.53Co19.53Fe19.53Cr19.53,1,
Al22.5Ti22.5Ni20Cu20Fe15,1,
Al23Co15Cr23Cu8Fe15Ni16,3,
Al25.00Ni18.75Co18.75Fe18.75Cr18.75,1,
Al25Ti25Ni25Cu25,1,
Al26.6Nb23.8Ti25.1V24.5,1,
Al2CoCrCu0.5FeNi,2,
Al2CoCrCuFeNi,1,
Al2CoCrFeNi,2,
Al2CoCrFeNiTi,3,
Al2CrCuFeNi2,3,
Al2CrFeMnTi,3,
Al2CrFeMnTi0.25,3,
Al3CoCrCuFeNi,2,
Al3CoCrFeNi,2,
Al3CrFeMnTi0.25,3,
Al40Cu15Cr15Fe15Si15,2,
Al4Co23.5Cr23.5Fe23.5Ni23.5Ti2,1,
Al4Co23.5Cr23.5Fe23.5Ni23.5Ti3,3,
Al4Co23.5Cr23.5Fe23.5Ni23.5Ti4,3,
Al4CrFeMnTi0.25,3,
Al58.5Mg31.5Zn4.5Cu4.5Si1,2,
Al5Nb24Ti40V5Zr26,1,
Al60Cu10Fe10Cr5Mn5Ni5Mg5,2,
Al63Mg27Zn4.5Cu4.5Si1,2,
Al65Cu5Cr5Si15Mn5Ti5,2,
Al65Cu5Fe5Mg5Si15Zn5,2,
Al65Cu5Mg5Ni5Si15Zn5,2,
Al66.7Mg23.3Zn4.5Cu4.5Si1,2,
Al7.5CoCrNi,2,
Al70Cr5Cu5Mg5Si10Zn5,2,
Al70Cu5Mg5Mn5Si10Zn5,2,
Al70Cu5Mg5Si10Zn5Zr5,2,
Al80Li5Mg5Zn5Cu5,2,
Al80Li5Mg5Zn5Sn5,2,
Al80Mg14Zn2.7Cu2.7Si0.60,2,
Al84.8Mg10Zn2Cu2Si1.2,2,
Al85.1Mg10Zn2Cu2Si0.9,2,
Al85.4Mg10Zn2Cu2Si0.6,2,
Al85.7Mg10Zn2Cu2Si0.3,2,
Al85Mg10.5Zn2.025Cu2.025Si0.45,2,
Al86Mg10Zn2Cu2,2,
Al8Co17Cr17Cu8Fe17Ni33,3,
Al9.38Ni22.66Co22.66Fe22.66Cr22.66,1,
Al9.5Co25Cr8Fe15Ni36Ti6Hf0.5,2,
Al90Mg7.1Zn1.35Cu1.35Si0.3,2,
AlAuCoCrCuNi,3,
AlC0.1CoCrFeNi,2,
AlC0.2CoCrFeNi,3,
AlC0.3CoCrFeNi,3,
AlC0.4CoCrFeNi,3,
AlC0.5CoCrFeNi,3,
AlC1.5CoCrFeNi,3,
AlCCoCrFeNi,3,
AlCo0.2Cr1.5Fe0.2NiSiTi0.2,3,
AlCo0.2CrFe0.2NiSiTi0.2,3,
AlCo0.2CuFeNi,3,
AlCo0.5Cr0.5Fe0.5MnNiV,1,
AlCo0.5Cr0.5Fe0.5MnNiV0.5,1,
AlCo0.5CrCu0.5FeNi,2,
AlCo0.5CrCuFeNi,3,
AlCo0.5CrFeMo0.5,3,
AlCo0.5CrFeMo0.5Ni,3,
AlCo0.5CuFeNi,3,
AlCo0.6CrFe0.2Ni0.2Si0.2Ti0.2,3,
AlCo1.5Cr2Fe1.5Mn2NiV,2,
AlCo1.5CrCu0.5FeNi,3,
AlCo1.5CrFeMo0.5,3,
AlCo1.5CrFeMo0.5Ni,3,
AlCo1.5CrFeNiTi0.5,1,
AlCo1.5CuFeNi,3,
AlCo2CrCu0.5FeNi,1,
AlCo2CrFeMo0.5,3,
AlCo2CrFeMo0.5Ni,3,
AlCo2CrFeNiTi0.5,1,
AlCo2CuFeNi,3,
AlCo3.5CrCu0.5FeNi,1,
AlCo3CrCu0.5FeNi,1,
AlCo3CrFeNiTi0.5,1,
AlCo3CuFeNi,1,
AlCoCr0.3FeNi,1,
AlCoCr0.5Cu0.5FeNi,3,
AlCoCr0.5CuFeNi,3,
AlCoCr0.5FeMo0.5Ni,2,
AlCoCr0.5FeNi,1,
AlCoCr0.7FeNi,1,
AlCoCr1.5Cu0.5FeNi,1,
AlCoCr1.5FeMo0.5Ni,2,
AlCoCr2Cu0.5FeNi,3,
AlCoCr2FeMo0.5Ni,2,
AlCoCr2FeNi,2,
AlCoCrCu0.25FeNi,1,
AlCoCrCu0.25FeNiTi0.5,1,
AlCoCrCu0.5Fe,3,
AlCoCrCu0.5Fe0.5Ni,1,
AlCoCrCu0.5Fe1.5Ni,3,
AlCoCrCu0.5Fe2Ni,3,
AlCoCrCu0.5FeNi,3,
AlCoCrCu0.5FeNi0.5,3,
AlCoCrCu0.5FeNi1.5,1,
AlCoCrCu0.5FeNi2,1,
AlCoCrCu0.5FeNi2.5,3,
AlCoCrCu0.5FeNi3,2,
AlCoCrCu0.5FeNiTi0.5,1,
AlCoCrCu0.5Ni,3,
AlCoCrCuFe,3,
AlCoCrCuFe0.5Ni,3,
AlCoCrCuFeMnNi,3,
AlCoCrCuFeMo0.2Ni,1,
AlCoCrCuFeNi,1,
AlCoCrCuFeNi0.5,3,
AlCoCrCuFeNiSi,1,
AlCoCrCuFeNiTi,3,
AlCoCrCuFeNiTiV,1,
AlCoCrCuFeNiV,1,
AlCoCrCuFeNiV0.2,1,
AlCoCrCuFeNiV0.5,1,
AlCoCrCuFeNiV0.8,1,
AlCoCrCuFeSiTi,1,
AlCoCrCuMnFe,1,
AlCoCrCuMnTi,2,
AlCoCrCuNi,3,
AlCoCrCuNiTi,1,
AlCoCrCuNiTiY,3,
AlCoCrCuNiTiY0.5,3,
AlCoCrCuNiTiY0.8,3,
AlCoCrFe,1,
AlCoCrFe0.6Mo0.5Ni,2,
AlCoCrFe1.5Mo0.5Ni,2,
AlCoCrFe2Mo0.5Ni,3,
AlCoCrFe6NiSiTi,1,
AlCoCrFeMo0.05Ni2,2,
AlCoCrFeMo0.1Ni,1,
AlCoCrFeMo0.2Ni,3,
AlCoCrFeMo0.3Ni,3,
AlCoCrFeMo0.4Ni,3,
AlCoCrFeMo0.5,3,
AlCoCrFeMo0.5Ni,3,
AlCoCrFeMo0.5Ni0.5,2,
AlCoCrFeMo0.5Ni1.5,3,
AlCoCrFeMo0.5Ni2,3,
AlCoCrFeNb0.1Ni,1,
AlCoCrFeNb0.25Ni,3,
AlCoCrFeNb0.5Ni,3,
AlCoCrFeNb0.75Ni,3,
AlCoCrFeNi,1,
AlCoCrFeNi2,3,
AlCoCrFeNi2.1,3,
AlCoCrFeNi2.2,3,
AlCoCrFeNiC1.5,2,
AlCoCrFeNiSi,3,
AlCoCrFeNiSi0.2,1,
AlCoCrFeNiSi0.4,1,
AlCoCrFeNiSi0.6,1,
AlCoCrFeNiSi0.8,3,
AlCoCrFeNiTi,3,
AlCoCrFeNiTi0.2,2,
AlCoCrFeNiTi0.4,2,
AlCoCrFeNiTi0.5,3,
AlCoCrFeNiTi0.6,1,
AlCoCrFeNiTi0.7,3,
AlCoCrFeNiTi1.5,3,
AlCoCrFeNiV0.2,1,
AlCoCrFeNiV0.5,1,
AlCoCrFeNiV0.8,1,
AlCoCrFeNiV1.0,1,
AlCoCrNi,3,
AlCoCu0.33FeNi,3,
AlCoCu0.5FeNi,1,
AlCoCuFeNdNi,2,
AlCoCuFeNi,3,
AlCoCuFeNiSi,1,
AlCoCuFeNiTi,1,
AlCoCuFeNiZr,3,
AlCoCuNi,1,
AlCoCuNiTiZn,1,
AlCoFeMnNi,2,
AlCoFeMo0.5Ni,2,
AlCoFeNi,2,
AlCoFeNiTi,1,
AlCr0.5CuFeNiTi,2,
AlCr0.5NbTiV,1,
AlCr1.5CuFeNiTi,3,
AlCr1.5NbTiV,3,
AlCr2CuFeNiTi,3,
AlCr3CuFeNiTi,3,
AlCrCu0.5FeNi,3,
AlCrCuFeMnNi,1,
AlCrCuFeNi,3,
AlCrCuFeNi0.6,3,
AlCrCuFeNi0.8,3,
AlCrCuFeNi1.2,3,
AlCrCuFeNi1.4,3,
AlCrCuFeNi2,1,
AlCrCuFeNi3,3,
AlCrCuFeNiTi,3,
AlCrFe2Ni2,3,
AlCrFeCoNi,1,
AlCrFeCoNiCu,1,
AlCrFeCoNiCuMn,2,
AlCrFeCoNiCuTi,1,
AlCrFeCoNiCuV,1,
AlCrFeMnNi,1,
AlCrFeMnNiTi,1,
AlCrFeMnTi0.25,3,
AlCrFeMo0.2Ni,3,
AlCrFeMo0.5Ni,3,
AlCrFeMo0.8Ni,2,
AlCrFeMoNi,2,
AlCrFeNi,1,
AlCrFeNi0.75,3,
AlCrFeNi2,3,
AlCrFeNiMo0.2,1,
AlCrFeNiMo0.5,1,
AlCrFeNiMo0.8,2,
AlCrMnNbTi,2,
AlCrMnNbV,2,
AlCrMoNbTi,1,
AlCrMoSiTi,2,
AlCrMoTi,1,
AlCrNbTiV,3,
AlCu0.2Li0.5MgZn0.5,2,
AlCu0.5Li0.5MgSn0.2,2,
AlCuNi,3,
AlHfNbTaTiZr,1,
AlHfNbTiZr,1,
AlLi0.5MgSn0.2Zn0.5,3,
AlLiMgSnZn,3,
AlLiMgZnSn,2,
AlMnNbTiV,2,
AlMo0.5NbTa0.5TiZr,1,
AlMoNbTi,1,
AlMoNbTiV,1,
AlMoTaTiV,1,
AlNb1.5Ta0.5Ti1.5Zr0.5,1,
AlNbTaTiV,1,
AlNbTiV,1,
AlNbTiVZr,3,
AlNbTiVZr0.1,2,
AlNbTiVZr0.25,2,
AlNbTiVZr0.5,3,
AlNbTiVZr1.5,2,
AlTiNiCuFe,1,
AlTiVYZr,2,
BeCuNiTiVZr,2,
Co0.25Cr0.25FeMn,1,
Co0.5CrFeMn1.5Ni,2,
Co0.5CrFeNiTi0.5,2,
Co0.5Fe0.5MgNi0.5TiZr,1,
Co1.4CrFeMnNi,1,
Co1.5Cr0.5FeMn0.5Ni,1,
Co1.5CrFeMo0.1Ni1.5Ti0.5,1,
Co1.5CrFeMo0.5Ni1.5Ti0.5,2,
Co1.5CrFeMo0.8Ni1.5Ti0.5,2,
Co1.5CrFeNi1.5Ti,2,
Co1.5CrFeNi1.5Ti0.5,1,
Co1.5CrFeNi1.5Ti0.6,3,
Co10Cr10Fe50Mn30,1,
Co10Cr25Fe20Mn5Ni40,1,
Co17.5Cr12.5Fe55Ni10Mo5,2,
Co18Cr12.5Fe55Ni7Mo7.5,2,
Co20Cr20Fe20Mn20Ni20,1,
Co20Cr20Fe34Mn20Ni6,2,
Co20Cr20Fe40Mn20,2,
Co20Cr25Fe10Mn5Ni40,1,
Co23.25Ni23.25Fe23.25Cr23.25Mo7.00,1,
Co25Ni25Fe25Al7.5Cu17.5,1,
Co27.5Cr17.5Fe20Mo15Ni20,3,
Co28.2Cr5.92Mo0.62Mn0.50Si0.13N0.04C,1,
Co2Cr0.5Ni2VW0.5,3,
Co2CrMo0.5Ni2W0.5,3,
Co2Mo0.5Ni2VW0.5,3,
Co33Cr9W0.35N0.01C,1,
Co33Cr9W0.35N0.06C,1,
Co33Cr9W0.35N0.1C,1,
Co33Cr9W0.35N0.25C,1,
Co33Cr9W0.35N0.31C,1,
Co35Cr15Fe20Mo10Ni20,3,
Co35Cr15Fe20Mo10Ni21,3,
Co35Cr15Fe20Mo10Ni22,3,
Co35Cr15Fe20Mo10Ni23,3,
Co35Cr15Fe20Mo10Ni24,3,
Co35Cr15Fe20Mo10Ni25,3,
Co35Cr15Fe20Mo10Ni26,1,
Co42.5Cr12.5Fe20Mo5Ni20,1,
Co5Cr2Fe40Mn27Ni26,1,
Co5Cr2Fe40Mn27Ni27,1,
CoCr0.4Fe8Mn5.4Ni5.2,1,
CoCr0.4Fe8Mn5.4Ni5.3,1,
CoCr0.4Fe8Mn5.4Ni5.4,1,
CoCr0.5FeNi,1,
CoCr0.6FeNi,1,
CoCr0.75FeMn0.75Ni,1,
CoCr0.7FeNi,1,
CoCr0.8FeNi,1,
CoCr0.95FeNi,1,
CoCr0.9FeNi,1,
CoCr1.05FeNi,1,
CoCr1.10FeNi,1,
CoCr1.15FeNi,1,
CoCr1.25FeMn0.25Ni,1,
CoCr1.3FeMnNi0.10,3,
CoCr1.3FeMnNi0.7,1,
CoCr1.3FeMnNi0.8,1,
CoCr1.3FeMnNi0.9,3,
CoCr1.5Fe3.5Mn0.5Ni2.5V,1,
CoCr2FeNi,2,
CoCrCu0.2FeNi,1,
CoCrCu0.4FeNi,1,
CoCrCu0.5FeNi,1,
CoCrCu0.6FeNi,1,
CoCrCu0.8FeNi,1,
CoCrCu1FeNiTi0.5,1,
CoCrCu2FeMnNi,1,
CoCrCuFeMn,1,
CoCrCuFeMnNi,1,
CoCrCuFeMnNiTiV,3,
CoCrCuFeNi,1,
CoCrCuFeNiTi,3,
CoCrCuFeNiTi0.5,1,
CoCrCuFeNiTi0.6,1,
CoCrCuFeNiTi0.8,3,
CoCrCuFeNiTi2.5,2,
CoCrCuNi,1,
CoCrFe0.5Mn0.5Ni1.5,1,
CoCrFe2.7MnNi,1,
CoCrFe3.5Mn4.5,1,
CoCrFe4.5Mn3.5,1,
CoCrFe4Mn4,1,
CoCrFe5Mn3,1,
CoCrFe6MnNi,1,
CoCrFeGaNi,1,
CoCrFeGeMnNi,1,
CoCrFeGeNi,1,
CoCrFeMnNbNi,1,
CoCrFeMnNi,1,
CoCrFeMnNiNbC,1,
CoCrFeMnNiTi,1,
CoCrFeMnNiV,3,
CoCrFeMnNiV0.25,1,
CoCrFeMnNiV0.26,3,
CoCrFeMnNiV0.5,1,
CoCrFeMnNiV0.6,3,
CoCrFeMnNiV0.75,2,
CoCrFeMnNiV0.76,3,
CoCrFeMnNiV1.0,2,
CoCrFeMo0.3Ni,1,
CoCrFeMo0.5Ni,2,
CoCrFeMo0.5NiW0.5,1,
CoCrFeMo0.85Ni,3,
CoCrFeMoNi,3,
CoCrFeNb0.103Ni,3,
CoCrFeNb0.155Ni,3,
CoCrFeNb0.206Ni,3,
CoCrFeNb0.25Ni,3,
CoCrFeNb0.309Ni,3,
CoCrFeNb0.412Ni,3,
CoCrFeNi,1,
CoCrFeNiMn,1,
CoCrFeNiMnC0.01,1,
CoCrFeNiMo0.1,1,
CoCrFeNiMo0.2,1,
CoCrFeNiMo0.3,2,
CoCrFeNiNb0.1,2,
CoCrFeNiNb0.25,2,
CoCrFeNiNb0.5,2,
CoCrFeNiNb0.8,2,
CoCrFeNiPd,1,
CoCrFeNiPd2,1,
CoCrFeNiSn,1,
CoCrFeNiTi,3,
CoCrFeNiTi0.2,2,
CoCrFeNiTi0.3,3,
CoCrFeNiTi0.4,3,
CoCrFeNiTi0.5,3,
CoCrFeNiTi0.6,3,
CoCrFeNiTi0.7,3,
CoCrFeNiTi0.8,3,
CoCrFeNiTi0.9,1,
CoCrFeNiV,3,
CoCrFeNiV0.25,1,
CoCrFeNiV0.5,2,
CoCrFeNiV0.7,2,
CoCrFeNiV0.8,2,
CoCrFeNiV0.9,2,
CoCrFeNiW,1,
CoCrFeNiW0.2,1,
CoCrFeNiW0.3,1,
CoCrFeNiW0.5,2,
CoCrHf0.1FeNi,2,
CoCrHf0.2FeNi,2,
CoCrHf0.3FeNi,2,
CoCrHf0.4FeNi,2,
CoCrHf0.5FeNi,2,
CoCrHf0.6FeNi,2,
CoCrMnNi,1,
CoCrMnNiV,2,
CoCrMoNb,3,
CoCrMoNbTi,3,
CoCrMoNbTi0.2,3,
CoCrMoNbTi0.4,1,
CoCrMoNbTi0.5,3,
CoCrMoNbTi1.0,2,
CoCrNi,1,
CoCrNiMo0.05,1,
CoCuFeMnNi,1,
CoCuFeMnNiSn0.03,1,
CoCuFeMnNiSn0.05,2,
CoCuFeMnNiSn0.08,3,
CoCuFeMnNiSn0.1,3,
CoCuFeMnNiSn0.2,3,
CoCuFeNi,1,
CoCuFeNiSn0.04,3,
CoCuFeNiSn0.05,3,
CoCuFeNiSn0.07,3,
CoCuFeNiSn0.1,3,
CoCuFeNiSn0.2,3,
CoCuFeNiSn0.5,3,
CoCuFeNiTi,1,
CoCuFeNiV,1,
CoCuHfNiTiZr,2,
CoFeMnMoNi,3,
CoFeMnNi,1,
CoFeMnNiV,2,
CoFeMnTi0.5VZr,2,
CoFeMnTi1.5VZr,2,
CoFeMnTi2.5VZr,2,
CoFeMnTi2VZr,2,
CoFeMnTiV0.4Zr,2,
CoFeMnTiV0.7Zr,2,
CoFeMnTiV1.3Zr,2,
CoFeMnTiV1.6Zr,2,
CoFeMnTiV2.3Zr,2,
CoFeMnTiV2.6Zr,2,
CoFeMnTiV2Zr,2,
CoFeMnTiV3Zr,2,
CoFeMnTiVZr,2,
CoFeMnTiVZr0.4,2,
CoFeMnTiVZr0.7,2,
CoFeMnTiVZr1.3,2,
CoFeMnTiVZr1.6,2,
CoFeMnTiVZr2,2,
CoFeMnTiVZr2.3,2,
CoFeMnTiVZr2.6,2,
CoFeMnTiVZr3,2,
CoFeNb0.75Ni2V0.10,3,
CoFeNb0.75Ni2V0.5,3,
CoFeNb0.75Ni2V0.6,3,
CoFeNb0.75Ni2V0.7,3,
CoFeNb0.75Ni2V0.8,3,
CoFeNb0.75Ni2V0.9,3,
CoFeNi,1,
CoFeNi2V0.5Mo0.2,1,
CoFeNiSi0.25,1,
CoFeNiSi0.5,3,
CoFeNiSi0.75,3,
CoFeReRu,1,
CoMnNi,1,
CoNi,1,
Cr0.22Ta0.23Ti0.07V0.23W0.24,3,
Cr0.23Ta0.24Ti0.04V0.24W0.25,3,
Cr0.5CuFeMn0.5Ni,1,
Cr0.5CuFeMnNi0.5,1,
Cr0.5MoNbTaVW,1,
Cr0.66FeMnNi,1,
Cr0.75FeNi2.25V,3,
Cr1.25Cu0.75MnFeNi,1,
Cr1.5Cu0.5MnFeNi,1,
Cr1.75Cu0.25MnFeNi,1,
Cr10Nb30Ti30Zr30,1,
Cr20Fe6Co34Ni34Mo6,1,
Cr26Mn20Fe20Co20Ni14,1,
Cr2CuFe2MnNi,1,
Cr2MnFeNi,1,
Cr2MoNbTaVW,1,
CrCoCuFeNi,1,
CrCoFeNiMn,1,
CrCu0.5FeMnNi,1,
CrCu0.7FeNi,1,
CrCuFe0.5Mn0.5Ni,1,
CrCuFe0.5MnNi0.5,1,
CrCuFeMn2Ni2,1,
CrCuFeMnNi,1,
CrCuFeNiZr,3,
CrFe1.5MnNi0.5,3,
CrFe1.5MnNi0.6,3,
CrFe1.5MnNi0.7,3,
CrFe2Mn1.25Ni0.75,1,
CrFeCoNiCu,1,
CrFeCoNiCuTi0.5,2,
CrFeMnNiTi,3,
CrFeMnV,1,
CrFeNi,1,
CrFeNi2V0.5W,3,
CrFeNi2V0.5W0.25,3,
CrFeNi2V0.5W0.5,3,
CrFeNi2V0.5W0.75,3,
CrFeNiTi,3,
CrFeNiV0.5W,3,
CrFeNiV0.5W0.25,3,
CrFeNiV0.5W0.5,3,
CrFeNiV0.5W0.75,3,
CrFeTaVW,2,
CrHfNbTiZr,3,
CrMn0.3FeVCu0.06,1,
CrMn0.5FeVCu0.10,1,
CrMn0.7FeVCu0.14,1,
CrMnFeCoNi,1,
CrMnFeVCu0.20,1,
CrMnNbTiV,2,
CrMo0.5NbTa0.5TiZr,3,
CrMoNbTaTiV1W1Zr,1,
CrMoNbTaTiVZr,1,
CrMoNbTaVW,1,
CrMoNbTiV,1,
CrMoNbTiW,2,
CrMoNbTiZr,2,
CrNbTiVZr,3,
CrNbTiZr,1,
CrTaVW,3,
Cu0.25AlCoCrFeNiTi0.5,1,
Cu0.5AlCoCrFeNiTi0.5,1,
DyGdHoLuTb,1,
DyGdHoTbY,1,
DyGdLuTbTm,1,
DyGdLuTbY,1,
Fe17.8Co17.8Ni17.8Cr17.8Mn17.8Al11,1,
Fe18.2Co18.2Ni18.2Cr18.2Mn18.2Al9,1,
Fe18.4Co18.4Ni18.4Cr18.4Mn18.4Al8,1,
Fe18.6Co18.6Ni18.6Cr18.8Mn18.8Al7,1,
Fe18Co18Ni18Cr18Mn18Al10,1,
Fe19.2Co19.2Ni19.2Cr19.2Mn19.2Al4,1,
Fe19.6Co19.6Ni19.6Cr19.6Mn19.6Al2,1,
Fe19.96Mn19.96Ni19.96Co19.96Cr19.96C0.2,1,
Fe19.96Mn19.96Ni19.96Co19.96Cr19.96C0.5,1,
Fe19.96Mn19.96Ni19.96Co19.96Cr19.96C0.8,1,
Fe20Co23Ni17Cr20Mn20,1,
Fe20Co27Ni13Cr20Mn20,1,
Fe22Co20Ni19Cr20Mn12Al7,2,
Fe28Ni18Mn33Al21,2,
Fe29Ni19Mn38Al14,2,
Fe30Ni20Mn35Al15,2,
Fe31Ni18Mn38Al13,2,
Fe33.5Ni33.5Cr15Mn10Al3Ti5,2,
Fe33.5Ni33.5Cr15Mn10Al4Ti4,2,
Fe33.5Ni33.5Cr15Mn10Al5Ti3,2,
Fe33Ni17Mn38Al12,2,
Fe33Ni19Mn34Al14,2,
Fe34Cr34Ni14Al14Co4,2,
Fe34Ni16Mn39Al11,2,
Fe36Co21Cr18Ni15Al10,2,
Fe36Ni18Mn33Al13,2,
Fe36Ni18Mn33Al13C1.26,2,
Fe36Ni18Mn33Al13Ti2,2,
Fe36Ni18Mn33Al13Ti4,2,
Fe36Ni18Mn33Al13Ti6,2,
Fe37.5Ni37.5Cr15Mn10,1,
Fe37Mn45Co9Cr9,1,
Fe40.4Ni11.3Mn34.8Al7.5Cr6C1.1,1,
Fe40Mn27Ni26Co5Cr2,1,
Fe40Mn40Co10Cr10,1,
Fe45Cr10V10Co10Ni25,1,
Fe45Cr10V10Co20Ni15,2,
Fe45Cr10V10Co30Ni5,2,
Fe45Cr10V10Co35,2,
Fe50Mn30Co10Cr10,2,
Fe68.25Mn27Al4.1Si0.52Nb0.05C0.08,2,
Fe70.04Mn28Al1.6Si0.28C0.08,2,
Fe73.03Mn25Al1.6Si0.24Nb0.05C0.08,2,
FeCoCrAlCuNi,1,
FeCoCrAlCuV0.2Ni,1,
FeCoCrAlCuV0.5Ni,1,
FeCoCrAlCuVNi,1,
FeCoNiCr,2,
FeCoNiCrMn,1,
FeCrCoMnNi,1,
FeMnNi,1,
FeMnNiCoCr,1,
Hf0.4Nb1.54Ta1.54Ti0.89Zr0.64,1,
Hf0.5Mo0.5NbTiZr,1,
Hf0.5Mo0.5NbTiZrC0.1,2,
Hf0.5Mo0.5NbTiZrC0.3,2,
Hf0.5Nb0.5Ta0.5Ti1.5Zr,1,
Hf0.75NbTa0.5Ti1.5Zr1.25,1,
Hf0.8Nb0.31Ta0.31Ti0.18Zr0.13,1,
Hf1.375Nb0.25Ta0.25Ti1.75Zr1.375,1,
HfMo0.25NbTaTiZr,1,
HfMo0.2Ti2V0.5Zr,1,
HfMo0.5Nb0.5TiZr,1,
HfMo0.5NbTaTiZr,1,
HfMo0.5NbTiV0.5,1,
HfMo0.5NbTiV0.5Si0.3,2,
HfMo0.5NbTiV0.5Si0.5,2,
HfMo0.5NbTiV0.5Si0.7,2,
HfMo0.75NbTaTiZr,1,
HfMoNbSi0.3TiV,3,
HfMoNbSi0.5TiV,3,
HfMoNbSi0.7TiV,3,
HfMoNbTaTi,1,
HfMoNbTaTiVWZr,3,
HfMoNbTaTiVZr,1,
HfMoNbTaTiZr,1,
HfMoNbTaZr,1,
HfMoNbTiZr,2,
HfMoTaTiZr,1,
HfNb0.18Ta0.18Ti1.27Zr,1,
HfNb0.5Ta0.5TiZr,1,
HfNb0.5TiV0.5Zr,1,
HfNb2TiVZr2,1,
HfNb3Ta3TiZr,1,
HfNbTaTiV1Zr,1,
HfNbTaTiZr,1,
HfNbTaTiZrMoW,1,
HfNbTaTiZrW,1,
HfNbTaZr,1,
HfNbTi,1,
HfNbTiVZr,1,
HfNbTiZr,1,
HfNbZr,1,
HfTa0.4TiZr,1,
HfTa0.5TiZr,1,
HfTa0.6TiZr,1,
HfTaTiZr,1,
La0.02Pb0.98SeSnTe,1,
La0.04Pb0.96SeSnTe,1,
La0.06Pb0.94SeSnTe,1,
La0.08Pb0.92SeSnTe,1,
La0.1Pb0.9SeSnTe,1,
Mo0.1NbTiV0.3Zr,1,
Mo0.3NbTiV0.3Zr,1,
Mo0.3NbTiVZr,1,
Mo0.5NbHf0.5ZrTi,1,
Mo0.5NbHf0.5ZrTiSi0.1,1,
Mo0.5NbHf0.5ZrTiSi0.3,2,
Mo0.5NbHf0.5ZrTiSi0.5,2,
Mo0.5NbHf0.5ZrTiSi0.7,2,
Mo0.5NbHf0.5ZrTiSi0.9,2,
Mo0.5NbTiV0.3Zr,1,
Mo0.5NbTiVZr,1,
Mo0.7NbTiV0.3Zr,1,
Mo0.7NbTiVZr,1,
Mo1.3NbTiV0.3Zr,1,
Mo1.3NbTiVZr,1,
Mo1.5NbHfZrTi,1,
Mo1.5NbTiV0.3Zr,1,
Mo1.5NbTiVZr,1,
Mo1.7NbTiVZr,1,
Mo2NbTiVZr,1,
MoNb0.5HfZrTi,1,
MoNb1.5HfZrTi,1,
MoNbHf0.5ZrTi,1,
MoNbHf1.5ZrTi,1,
MoNbHfZr0.5Ti,1,
MoNbHfZr1.5Ti,1,
MoNbHfZrTi,1,
MoNbHfZrTi0.5,1,
MoNbHfZrTi1.5,1,
MoNbTaTi0.25W,1,
MoNbTaTi0.5W,1,
MoNbTaTi0.75W,1,
MoNbTaTiV,1,
MoNbTaTiVW,1,
MoNbTaTiVZr,1,
MoNbTaTiW,1,
MoNbTaTiZr,1,
MoNbTaV,1,
MoNbTaVW,1,
MoNbTaW,1,
MoNbTiV,1,
MoNbTiV0.25Zr,1,
MoNbTiV0.3Zr,1,
MoNbTiV0.5Zr,1,
MoNbTiV0.75Zr,1,
MoNbTiV1.5Zr,1,
MoNbTiV2Zr,1,
MoNbTiV3Zr,1,
MoNbTiVZr,1,
MoNbTiZr,1,
MoPdRhRu,1,
MoRhRu,1,
MoTaTiV,1,
MoTaTiVZr,1,
Nb0.5TaTiZr1.5,1,
Nb1.5TaTiZr0.5,1,
Nb42Mo20Ti13Cr12V12Ta1,2,
NbCrMo0.5Ta0.5TiZr,2,
NbMoTa,1,
NbMoTaW,1,
NbMoTaWVTi,1,
NbTa0.2Ti1.8Zr,1,
NbTa0.4Ti1.6Zr,1,
NbTa0.6Ti1.4Zr,1,
NbTa0.8Ti1.2Zr,1,
NbTaTi,1,
NbTaTi30Zr,1,
NbTaTi35Zr,1,
NbTaTi40Zr,1,
NbTaTi45Zr,1,
NbTaTiV,1,
NbTaTiVW,1,
NbTaTiVZr,1,
NbTaTiZr,1,
NbTaVW,1,
NbTiV0.3Zr,1,
NbTiV2Zr,1,
NbTiV3Zr,1,
NbTiV4Zr,1,
NbTiV5Zr,1,
NbTiVTa,1,
NbTiVZr,1,
NbTiZr,1,
Ni1.5Co1.5CrFeTi0.5,1,
Ni14Fe20Cr26Co20Mn20,1,
Ni18.5Fe18.5Cr18.5Co26Mn18.5,1,
Ni30Co30Cr10Fe10Al18W2,2,
Ni46Co22Al12Cr8Fe8Ti3Mo1,2,
NiCoFeCrAl0.59,1,
NiCoFeCrAl0.70,1,
NiCoFeCrAl0.75,1,
NiCoFeCrAl1.0,1,
NiCoFeCrAl1.21,1,
NiCoFeCrAl1.5,1,
NiFeCrCoMn,1,
PbSeSnTe,1,
Re10Nb30Ti30Zr30,2,
Ta0.4ZrHfTi,1,
Ta0.5ZrHfTi,1,
Ta0.6ZrHfTi,1,
Ta10Nb30Ti30Zr30,1,
Ti1.89CrNbV0.56,1,
Ti20Zr15Hf15Ni20Co15Cu15,2,
Ti25Zr25Nb25Ta25,1,
Ti25Zr25Ni16.67Co16.67Cu16.67,2,
Ti2ZrHf0.5V,1,
Ti2ZrHf0.5VNb,1,
Ti2ZrHf0.5VNb0.25,1,
Ti2ZrHf0.5VNb0.5,1,
Ti2ZrHf0.5VNb0.75,1,
Ti30Zr10Hf10Ni30Co10Cu10,2,
Ti30Zr20Ni30Co10Cu10,2,
Ti30Zr25Nb25Ta20,1,
Ti35Zr25Nb25Ta15,1,
Ti40Zr10Ni40Co5Cu5,2,
Ti40Zr25Nb25Ta10,1,
Ti45Zr25Nb25Ta5,1,
TiZrHfCr0.2Mo,1,
TiZrNbMo,1,
TiZrNbMoV,1,
TiZrNbMoV0.25,1,
TiZrNbMoV0.5,1,
TiZrNbMoV0.75,1,
TiZrNbMoV1.5,1,
TiZrNbMoV2,1,
TiZrNbMoV3,1,
TiZrNbTa,1,
TiZrNbV,1,
TiZrNbVMo1.7,1,
TiZrNbVMo2.0,1,
V10Cr10Fe45Co10Ni25,1,
V10Cr10Fe45Co20Ni15,1,
V10Cr10Fe45Co30Ni5,1,
V10Cr10Fe45Co35Ni0,1,
V10Cr15Mn5Fe35Co10Ni25,1,
VCrFeTa0.1W0.1,1,
VCrFeTa0.2W0.2,1,
VCrFeTa0.3W0.3,1,
VCrFeTa0.4W0.4,2,
VNbMoTaW,1,
W0.16NbMoTa,1,
W0.33NbMoTa,1,
W0.53NbMoTa,1,
Zr2.0TiHfVNb2.0,1,
ZrTiHfCuNiFe,1,
ZrTiHfNb0.5Mo0.5,1,
ZrTiHfNb0.5Ta0.5,1,
ZrTiHfV0.5Nb0.5,1,
